Raw Code,Company Name
CBA,Commonwealth Bank
BHP,BHP Group Limited
CSL,CSL
NAB,National Australia Bank
WBC,Westpac Banking Corp
FMG,Fortescue Metals Group
ANZ,ANZ Banking Group
WES,Wesfarmers
WOW,Woolworths Group
MQG,Macquarie Group
RIO,Rio Tinto
APT,Afterpay Limited
TLS,Telstra
TCL,Transurban Group
GMG,Goodman Group
COL,Coles Group Limited
WPL,Woodside Petroleum
NCM,Newcrest Mining
ALL,Aristocrat Leisure
XRO,Xero Ltd
REA,REA Group
FPH,Fisher & Paykel Healthcare
JHX,James Hardie
SHL,Sonic Healthcare
SYD,Sydney Airport
BXB,Brambles
SCG,Scentre Group
RHC,Ramsay Health Care Limited
STO,Santos
TPG,TPG Telecom Limited
SUN,Suncorp Group
COH,Cochlear
AMC,Amcor
S32,South32
IAG,Insurance Australia Group
QBE,QBE Insurance Group
APA,APA Group
SGP,Stockland
WTC,WiseTech Global Limited
REH,Reece Limited
SEK,Seek
RMD,ResMed Inc
AIA,Auckland International Airport Limited
DXS,Dexus
MGR,Mirvac Group
CCL,Coca-Cola Amatil
NST,Northern Star Resources
MCY,Mercury NZ Limited
AFI,Australian Foundation Investment Company
TAH,Tabcorp Holdings
MFG,Magellan Financial Group
QAN,Qantas Airways
ORG,Origin Energy
GPT,GPT Group
MEZ,Meridian Energy Limited
OSH,Oil Search
LLC,LendLease Group
SPK,Spark New Zealand
BSL,BlueScope Steel
MPL,Medibank Private Limited
A2M,The A2 Milk Company
CIM,CIMIC Group Limited
DMP,Domino's Pizza
EVN,Evolution Mining
CPU,Computershare Limited
SVW,Seven Group Holdings
AGL,AGL Energy
VCX,Vicinity Centres
VAS,Vanguard Australian Shares Index ETF
TWE,Treasury Wine Estates
AZJ,Aurizon Holdings
MIN,Mineral Resources Limited
HVN,Harvey Norman
ALD,Ampol Limited
SOL,Soul Pattinson WH
AST,AusNet Services
CWN,Crown Resorts
IEL,IDP Education Limited
CHC,Charter Hall Group
ARG,Argo Investments
ORI,Orica
OZL,OZ Minerals
ALX,Atlas Arteria
WOR,WorleyParsons
BLD,Boral
JBH,JB Hi-Fi
SAR,Saracen Mineral Holdings
QUB,Qube Holdings
NXT,NEXTDC
IGO,IGO Limited
BEN,Bendigo & Adelaide Bank
AMP,AMP
IPL,Incitec Pivot
AWC,Alumina
IFT,Infratil
ALQ,ALS
FBU,Fletcher Building Limited
CAR,Carsales.com
ANN,Ansell
CWY,Cleanaway Waste Management
CGF,Challenger Limited
LYC,Lynas Rare Earths Limited
EBO,EBOS Group
PME,Pro Medicus
STW,SPDR S&P/ASX 200 Fund
NEC,Nine Entertainment
Z1P,Zip Co Limited
BRG,Breville Group
NWL,Netwealth Group
ALU,Altium
BPT,Beach Energy
GNE,Genesis Energy
SKI,Spark Infrastructure
BOQ,Bank of Queensland
IOZ,iShares CORE S&P/ASX 200 ETF
DOW,Downer EDI
IVV,iShares S&P 500 ETF
PMV,Premier Investments
MTS,Metcash
CNU,Chorus Limited
SDF,Steadfast Group
RWC,Reliance Worldwide Corporation
APE,Eagers Automotive Limited
SGR,The Star Entertainment Group
MLT,Milton Corporation
YAL,Yancoal Australia
NIC,Nickel Mines Limited
PLS,Pilbara Minerals
NXL,Nuix Limited
VEA,Viva Energy Group
FLT,Flight Centre Travel
PBH,Pointsbet Holdings Limited
ILU,Iluka Resources
BKW,Brickworks
BWP,BWP Trust
ARB,ARB Corporation
APX,Appen Limited
DHG,Domain Holdings Australia
TNE,Technology One
SNZ,Summerset Group
VGS,Vanguard MSCI Index International Shares ETF
CLW,Charter Hall Long WALE REIT
LNK,Link Administration Holdings
SGM,Sims Limited
BAP,Bapcor Limited
CIA,Champion Iron
CSR,CSR
VOC,Vocus Group
SCP,SCA Property Group
SUL,Super Retail Group
NHF,NIB Holdings
GOZ,Growthpoint Properties Australia
PTM,Platinum Asset Management
HLS,Healius Limited
DRR,Deterra Royalties Limited
CTD,Corporate Travel Management
LFG,Liberty Financial Group
TLT,Tilt Renewables Limited
ORA,Orora
ABP,Abacus Property Group
VUK,Virgin Money UK PLC
CDA,Codan
CMW,Cromwell Property Group
BIN,Bingo Industries Limited
MGF,Magellan Global Fund
VTS,Vanguard US Total Market Shares Index ETF
SKC,SkyCity Entertainment
KGN,Kogan.com Ltd
IFL,IOOF Holdings
NAN,Nanosonics
MP1,Megaport Limited
CQR,Charter Hall Retail REIT
WPR,Waypoint REIT Limited
PDL,Pendal Group Limited
IOO,iShares Global 100 ETF
ORE,Orocobre Limited
DDR,Dicker Data
IRE,Iress
NSR,National Storage REIT
CCP,Credit Corp Group
HTA,Hutchison Telecommunications
ABC,Adbri Limited
VEU,Vanguard All-World Ex-US Shares Index ETF
RBL,Redbubble Limited
CRN,Coronado Global Resources Inc.
PPT,Perpetual Limited
RRL,Regis Resources
NUF,Nufarm
IVC,InvoCare Limited
WAM,WAM Capital
PNV,Polynovo Limited
PPH,Pushpay Holdings Limited
BGA,Bega Cheese Ltd
HUB,HUB24 Limited
CIP,Centuria Industrial REIT
AIZ,Air New Zealand
WEB,Webjet
ELD,Elders Limited
IAF,iShares CORE Composite Bond ETF
INA,Ingenia Communities Group
WHC,Whitehaven Coal
VHY,Vanguard Australian Shares High Yield ETF
CGC,Costa Group
EVT,Event Hospitality & Entertainment
AVN,Aventus Group
SBM,St Barbara Limited
GXY,Galaxy Resources
CEN,Contact Energy Limited
PRU,Perseus Mining
ZEL,Z Energy
MFF,MFF Capital Investments
BKL,Blackmores Limited
ZIM,Zimplats Holdings
SLK,SeaLink Travel Group
CNI,Centuria Capital Group
MVW,Vaneck Vectors Australian Equal Weight ETF
EML,EML Payments Limited
SLR,Silver Lake Resources
PNI,Pinnacle Investment Management Group
MSB,Mesoblast
TPW,Temple & Webster Group
IPH,IPH Limited
CHN,Chalice Mining Limited
LIC,Lifestyle Communities
MXT,MCP Master Income Trust
OCL,Objective Corporation
URW,Unibail-Rodamco-Westfield
MND,Monadelphous Group
TYR,Tyro Payments Limited
AX1,Accent Group Limited
ING,Inghams Group
LSF,L1 Long Short Fund Limited
UWL,Uniti Group Limited
DEG,De Grey Mining
UMG,United Malt Group Limited
RMS,Ramelius Resources
NWH,NRW Holdings
AUB,AUB Group Limited
JHG,Janus Henderson Group plc
ISX,iSignthis Limited
HMC,Home Consortium
LOV,Lovisa Holdings Limited
BKI,BKI Investment Company
AUI,Australian United Investment Company
WLE,WAM Leaders Limited
NHC,New Hope Corp
CQE,Charter Hall Social Infrastructure REIT
GUD,GUD Holdings
A200,BetaShares Australia 200 ETF
TLX,Telix Pharmaceuticals Limited
RBD,Restaurant Brands New Zealand
CUV,Clinuvel Pharmaceuticals
NWS,News Corporation
FCL,Fineos Corporation Holdings
CKF,Collins Foods
MAQ,Macquarie Telecom Group
NEA,Nearmap Ltd
DBI,Dalrymple Bay Infrastructure Limited
GOR,Gold Road Resources
MGX,Mount Gibson Iron
OBL,Omni Bridgeway Limited
DUI,Diversified United Investment Limited
HGH,Heartland Group Holdings
COF,Centuria Office Reit
ARF,Arena REIT
HM1,Hearts and Minds Investments Limited
SM1,Synlait Milk
WGX,Westgold Resources Limited
GEM,G8 Education
GMA,Genworth Mortgage Insurance
PLL,Piedmont Lithium Limited
GNC,GrainCorp
PRN,Perenti Global Limited
LEP,ALE Property Group
GWA,GWA Group Limited
RMC,Resimac Group Limited
OML,oOh!media Limited
NVX,Novonix Limited
SIQ,Smartgroup Corp
CCX,City Chic Collective Limited
PSI,PSC Insurance Group
ASB,Austal Limited
OCA,Oceania Healthcare Limited
IEM,iShares MSCI Emerging Markets ETF
BGP,Briscoe Group Australasia
MMS,McMillan Shakespeare
BRN,Brainchip Holdings
IDX,Integral Diagnostics Limited
MHH,Magellan High Conviction Trust
DTL,Data#3 Limited
JIN,Jumbo Interactive
KMD,Kathmandu Holdings
BGL,Bellevue Gold Limited
SFR,Sandfire Resources Limited
NBI,NB Global Corporate Income Trust
PGH,Pact Group Holdings
VG1,VGI Partners Global Investments Limited
FNP,Freedom Foods Group
ERA,Energy Resources
NCK,Nick Scali Limited
KKC,KKR Credit Income Fund
RFF,Rural Funds Group
SZL,Sezzle Inc
IXJ,iShares Global Healthcare ETF
IAA,iShares Asia 50 ETF
WAF,West African Resources
AEF,Australian Ethical Investment Ltd
HSN,Hansen Technologies
EOS,Electro Optic Systems
RSG,Resolute Mining
BVS,Bravura Solutions
IAP,Irongate Group
TGR,Tassal Group
CIN,Carlton Investments
AFG,Australian Finance Group Ltd
AHY,Asaleo Care
SSM,Service Stream Limited
LTR,Liontown Resources
OPH,Ophir High Conviction Fund
SIG,Sigma Healthcare Limited
SFY,SPDR S&P/ASX 50 Fund
JLG,Johns Lyng Group
AKP,Audio Pixels
IFM,Infomedia
WSA,Western Areas Ltd
VUL,Vulcan Energy Resources Limited
DJW,Djerriwarrh Investments
MGH,MAAS Group Holdings Limited
MICH,Magellan Infrastructure Fund
BBN,Baby Bunting
OPT,Opthea Limited
AAC,Australian Agricultural Company
MOE,Moelis Australia
MMM,Marley Spoon AG's
AQZ,Alliance Aviation
EHL,Emeco Holdings
OMH,OM Holdings
IMD,Imdex Limited
SGF,SG Fleet Group
GDI,GDI Property Group
ADI,APN Industria REIT
ADH,Adairs Limited
SHV,Select Harvests
SPL,Starpharma Holdings
JMS,Jupiter Mines Limited
ELO,ELMO Software Limited
HDN,HomeCo Daily Needs REIT
API,Australian Pharmaceutical Industries
NTO,Nitro Software Limited
ASM,Australian Strategic Materials Limited
PPC,Peet Limited
VIF,Vanguard International Fixed Interest Index
WPP,WPP AUNZ Ltd
ADN,Andromeda Metals Limited
CDV,Cardinal Resources
FGG,Future Generation Global Investment Company
SXL,Southern Cross Media
360,"Life360, Inc."
KAR,Karoon Energy Ltd
BWX,BWX Limited
SKO,Serko Limited
EQT,Equity Trustees
HUM,Humm Group Limited
SLF,SPDR S&P/ASX 200 Listed Property Fund
CMM,Capricorn Metals Ltd
INR,ioneer Ltd
BFG,Bell Financial Group
MAH,Macmahon Holdings
CWP,Cedar Woods Properties
PDN,Paladin Energy
MNY,Money3 Corp
AD8,Audinate Group Limited
SWM,Seven West Media
VGI,VGI Partners Limited
COE,Cooper Energy
REG,Regis Healthcare Limited
MYX,Mayne Pharma
AGG,Anglogold Ashanti
IEU,iShares Europe ETF
HPI,Hotel Property Investments
ABY,Adore Beauty Group
AVZ,AVZ Minerals Limited
WHF,Whitefield Limited
MIR,Mirrabooka Investments
ECX,Eclipx Group Limited
CSX,CleanSpace Holdings Limited
PAR,Paradigm Biopharmaceuticals Limited
WGB,WAM Global Limited
RDC,Redcape Hotel Group
FDV,Frontier Digital Ventures
HT1,HT&E Limited
VG8,VGI Partners Asian Investments Limited
PL8,Plato Income Maximiser Limited
PGG,Partners Group Global Income Fund
APL,Antipodes Global Investment Company
AMI,Aurelia Metals
STX,Strike Energy Limited
SXY,Senex Energy
IMU,Imugene Limited
AMA,AMA Group
ALK,Alkane Resources Limited
PPK,PPK Group
FGX,Future Generation Investment Company
SYR,Syrah Resources
AFP,AFT Pharmaceuticals Limited
ABR,American Pacific Borates Limited
EHE,Estia Health Limited
SPT,Splitit Payments Ltd
MVP,Medical Developments International
VACF,Vanguard Australian Corp Fixed Interest Index ETF
ABB,Aussie Broadband Limited
MYS,MyState Limited
AVH,Avita Medical
VGE,Vanguard FTSE Emerging Markets Shares ETF
PAI,Platinum Asia Investments
MLD,MACA Limited
BUB,Bubs Australia Limited
VSO,Vanguard MSCI Australian Small Companies Index ETF
PWG,Primewest
PWH,PWR Holdings Limited
FSF,Fonterra Shareholders Fund
BTH,Bigtincan Holdings Limited
VRT,Virtus Health Ltd
CVN,Carnarvon Petroleum
BET,Betmakers Technology Group Ltd
PYC,PYC Therapeutics
IRI,Integrated Research
MCR,Mincor Resources NL
AQR,APN Convenience Retail REIT
RF1,Regal Investment Fund
SGLLV,Ricegrowers Limited
PMC,Platinum Capital
PCI,Perpetual Credit Income Trust
RED,Red 5 Limited
PGF,PM Capital Global Opportunities Fund
TLG,Talga Group Ltd
EMR,Emerald Resources NL
MVA,Vaneck Vectors Australian Property ETF
BCK,Brockman Mining Ltd
GCI,Gryphon Capital Income Trust
UNI,Universal Store Holdings Limited
JRV,Jervois Mining
PSQ,Pacific Smiles Group
PPS,Praemium Limited
WSP,Whispir Limited
LME,"Limeade, Inc."
PIC,Perpetual Equity Investment Company
ADT,Adriatic Metals
4DX,4DMedical Limited
ERD,EROAD Limited
DUB,Dubber Corporation
BKG,Booktopia Group Limited
GGG,Greenland Minerals Limited
GRR,Grange Resources
BLX,Beacon Lighting Group
IVE,iShares MSCI EAFE ETF
SSR,SSR Mining Inc
MNF,MNF Group Limited
VHT,Volpara Health Technologies
WMI,WAM Microcap Limited
CBR,Carbon Revolution Limited
ASG,Autosports Group Limited
GDX,Vaneck Vectors Gold Miners ETF
SO4,Salt Lake Potash Limited
QRI,Qualitas Real Estate Income Fund
UOS,United Overseas Australia Limited
SLC,Superloop Limited
MOT,MCP Income Opportunities Trust
WGN,Wagners Holding Company
CXO,Core Lithium Ltd
TUA,Tuas Limited
NGI,Navigator Global Investments
AOF,Australian Unity Office Fund
PAN,Panoramic Resources
M7T,Mach7 Technologies Limited
WBT,Weebit Nano Limited
CAT,Catapult Group International
3DP,Pointerra Limited
ARX,Aroa Biosurgery Limited
SDG,Sunland Group
HLO,Helloworld
BBOZ,BetaShares Australian Equities Strong Bear Hedge Fund
IJP,iShares MSCI Japan ETF
PNR,Pantoro Limited
TNT,Tesserent Limited
HUO,Huon Aquaculture Group Limited
MYD,MyDeal.com.au Limited
NEW,New Energy Solar
EZL,Euroz Limited
ALI,Argo Global Listed Infrastructure
MHG,Magellan Global Equities Fund Currency Hedged
4DS,4DS Memory Limited
LEG,Legend Mining
TBR,Tribune Resources
AMH,AMCIL Limited
WAX,WAM Research Limited
VGL,Vista Group International Limited
PIA,Pengana International Equities Limited
BSE,Base Resources
PPE,People Infrastructure Ltd
PAC,Pacific Current Group
RHP,Rhipe Limited
MAU,Magnetic Resources NL
PFP,Propel Funeral Partners
SST,Steamships Trading Company
CDP,Carindale Property Trust
RUL,RPMGlobal Holdings Limited
VAE,Vanguard FTSE Asia Ex Japan Shares Index ETF
PE1,Pengana Private Equity Trust
OFX,OFX Group
ALG,Ardent Leisure Group Limited
HPG,Hipages Group Holdings Limited
RIC,Ridley Corporation Limited
MVF,Monash IVF Group
A4N,Alpha HPA Limited
CAJ,Capitol Health Limited
KSL,Kina Securities Limited
MME,MoneyMe Limited
SRV,Servcorp
IRD,Iron Road Limited
CVW,Clearview Wealth
NVA,Nova Minerals Limited
TGG,Templeton Global Growth Fund
TWR,Tower Limited
GDF,Garda Diversified Property Fund
GSS,Genetic Signatures Limited
AGI,Ainsworth Game Technology
IMR,"Imricor Medical Systems, Inc."
WQG,WCM Global Growth
DCN,Dacian Gold
CTM,Centaurus Metals
SKT,Sky Network Television
ABA,Auswide Bank Ltd
IMM,Immutep Ltd
HAS,Hastings Technology Metals
LKE,Lake Resources NL
TRS,The Reject Shop
AEB,Affinity Energy and Health Limited
ARU,Arafura Resources
OBM,Ora Banda Mining Ltd
CDM,Cadence Capital
SVL,Silver Mines Limited
MYR,Myer Holdings Limited
MHJ,Michael Hill International Limited
DTC,Damstra Holdings Limited
SVH,Silver Heritage Group Limited
EOF,ECOFIBRE Limited
SFC,Schaffer Corp
HMY,Harmoney Corp Limited
FRI,Finbar Group
LBY,Laybuy Group Holdings Limited
CLV,Clover Corp
TRA,Turners Automotive Group
HE8,Helios Energy Limited
SOR,Strategic Elements
OOO,BetaShares Crude Oil Index ETF-Currency Hedged Synthetic
CYC,Cyclopharm
IJR,iShares S&P Small-Cap ETF
CL1,Class Limited
ANO,Advance NanoTek Limited
RHY,Rhythm Biosciences Limited
CLQ,Clean Teq Holdings
CXL,Calix Limited
FLN,Freelancer
WGO,Warrego Energy Limited
CVC,CVC Limited
VEQ,Vanguard FTSE Europe Shares ETF
VVA,Viva Leisure Limited
CTT,Cettire Limited
GLB,Globe International
E25,Element 25 Limited
DOC,Doctor Care Anywhere Group plc
MNS,Magnis Energy Technologies
NTU,Northern Minerals
AYS,Amaysim Australia
LYL,Lycopodium Limited
ORR,Orecorp Limited
NCZ,New Century Resources Limited
QVE,QV Equities Limited
RAC,Race Oncology Ltd
SNL,Supply Network Limited
OTW,Over the Wire Holdings
CYL,Catalyst Metals
SMR,Stanmore Coal
SFG,Seafarms Group Limited
POS,Poseidon Nickel
ST1,Spirit Technology Solutions Ltd
ALC,Alcidion Group Limited
ECF,Elanor Commercial Property Fund
FMS,Flinders Mines
AJM,Altura Mining
TGP,360 Capital Group
NZK,New Zealand King Salmon Investments
HZR,Hazer Group Limited
AVJ,AVJennings
DGO,DGO Gold Limited
OPY,Openpay Group Ltd
FWD,Fleetwood Limited
KCN,Kingsgate Consolidated Limited
EMV,Emvision Medical Devices Limited
WZR,Wisr Limited
HFR,Highfield Resources
CGS,CogState Limited
HTG,Harvest Technology Group Ltd
BWR,Blackwall Property Trust
SRG,SRG Global Limited
JHC,Japara Healthcare
SVY,Stavely Minerals
ALF,Australian Leaders Fund
AUT,Auteco Minerals Ltd
WMA,WAM Alternative Assets Limited
SLX,Silex Systems
SMP,Smartpay Holdings
BBUS,Betashares US EQ Strong Bear Hdge Fnd-Crncy Heged
RDY,ReadyTech Holdings Limited
FID,Fiducian Group Limited
VCF,Vanguard International Credit Securities Index
PM8,Pensana Metals Ltd
LVT,Livetiles Limited
SDA,Speedcast International Limited
MGV,Musgrave Minerals
3PL,3P Learning
PX1,Plexure Group Limited
SLA,SILK Laser Australia Limited
APD,APN Property Group
LCY,Legacy Iron Ore
REX,Regional Express Holdings
ADO,Anteo Diagnostics
FZO,Family Zone Cyber Safety
AMS,Atomos Limited
YOJ,Yojee Limited
GVF,Global Value Fund Limited
GLL,Galilee Energy
ENN,Elanor Investors Group
EGN,Engenco Limited
IGL,IVE Group Limited
MAD,Mader Group Limited
GNG,GR Engineering Services
TIE,Tietto Minerals Limited
KLL,Kalium Lakes Limited
VTH,Vitalharvest Freehold Trust
PBP,Probiotec Limited
NOX,Noxopharm Limited
CPH,Creso Pharma Limited
EGG,Enero Group
RCE,Recce Limited
NMT,Neometals Limited
MCP,McPherson's Limited
BCI,BCI Minerals Limited
PLT,Plenti Group Limited
PCG,Pengana Capital Group
TGM,Theta Gold Mines Limited
VTG,Vita Group
KSC,K & S Corp
MVE,Vaneck Vectors S&P/ASX Midcap ETF
AGY,Argosy Minerals
RMY,RMA Global Limited
WIC,Westoz Investment
IBX,Imagion Biosystems Limited
FEMX,Fidelity Global Emerging Markets Fund
EVO,Evolve Education Group
BOE,Boss Energy Ltd
EVS,EnviroSuite Limited
MRC,Mineral Commodities
AXE,Archer Materials Limited
MOC,Mortgage Choice
BYE,Byron Energy
IHL,Incannex Healthcare Limited
BID,Bill Identity Limited
ONT,1300 Smiles
D2O,Duxton Water Limited
5GN,5GN Networks Limited
IMA,Image Resources NL
MYL,Myanmar Metals Limited
MML,Medusa Mining
SOM,SomnoMed Limited
AVG,Australian Vintage Ltd
OGC,OceanaGold Corporation
BUD,Buddy Technologies
EAI,Ellerston Asian Investments
VRX,VRX Silica Ltd
CAN,Cann Group Limited
WMX,Wiluna Mining Corporation Limited
CEL,Challenger Exploration
ZNO,Zoono Group Limited
EOL,Energy One
RFG,Retail Food Group
BOC,Bougainville Copper
DWS,DWS Limited
MTO,MotorCycle Holdings Limited
BKY,Berkeley Energia Limited
AIS,Aeris Resources Limited
BTI,Bailador Technology Investments
NWF,Newfield Resources
PEK,Peak Resources
IJH,iShares S&P Mid-Cap ETF
GNP,GenusPlus Group Ltd
MLX,Metals X Limited
SHJ,Shine Justice Ltd
PPG,Pro-Pac Packaging
PET,Phoslock Environmental Technologies
COG,Consolidated Operations Group
EWC,Energy World Corp
FOR,Forager Australian Shares Fund
CAI,Calidus Resources Limited
KZA,Kazia Therapeutics Limited
HLA,Healthia Limited
CCV,Cash Converters
AZS,Azure Minerals
SYA,Sayona Mining
LPD,Lepidico Limited
ICQ,iCar Asia
SVM,Sovereign Metals
NXS,Next Science Limited
SXE,Southern Cross Electrical Engineering
NEU,Neuren Pharmaceuticals
FGR,First Graphene Limited
QIP,Qantm Intellectual Property
DYL,Deep Yellow Limited
SSG,Shaver Shop Group Limited
FLC,Fluence Corporation Limited
ERF,Elanor Retail Property Fund
SES,SECOS Group Ltd
AIM,Access Innovation Holdings Limited
YFZ,Youfoodz Holdings Limited
EGR,EcoGraf Limited
ATU,Atrum Coal Limited
MYQ,MyFiziq Limited
KGL,KGL Resources
IPD,ImpediMed
BSX,Blackstone Minerals Limited
VMT,VMoto Limited
BDC,Bardoc Gold Limited
IKE,ikeGPS Group Limited
ITG,Intega Group Limited
BOT,Botanix Pharmaceuticals Ltd
MIH,MNC Media Investment Ltd
GMD,Genesis Minerals
WJA,Wameja Limited
DUR,Duratec Limited
BSA,BSA Limited
A2B,A2B Australia Limited
APZ,Aspen Group
DSK,Dusk Group Limited
CUP,Countplus
FFX,Firefinch Limited
PGL,Prospa Group Limited
BBX,BBX Minerals
SFX,Sheffield Resources
MDR,MedAdvisor Limited
CDD,Cardno Limited
ARV,Artemis Resources
EP1,E&P Financial Group Limited
GNX,Genex Power Limited
NZM,NZME Limited
IZZ,iShares China Large-Cap ETF
AVA,Ava Group
TEK,Thorney Technologies Limited
EXR,Elixir Energy Limited
EMH,European Metals Holdings
MX1,Micro-X Limited
RDF,Redflex Holdings Limited
FSA,FSA Group
MAI,Mainstream Group Holdings
CRW,Cashrewards Limited
DNK,Danakali Limited
GCY,Gascoyne Resources
G1A,Galena Mining Limited
ETPMAG,ETFS Physical Silver
WHA,Wattle Health Australia
TNK,Think Childcare Limited
JAN,Janison Education Group
TNG,TNG Limited
TGN,Tungsten Mining NL
RDG,Resource Development Group
MRM,MMA Offshore Limited
TTM,Titan Minerals Limited
TSO,Tesoro Resources Limited
TOT,360 Capital Total Return Fund
GDG,Generation Development Group
GTK,Gentrack Group
NTD,National Tyre & Wheel Limited
SWF,SelfWealth Limited
RCT,Reef Casino Trust
VML,Vital Metals
MVB,Vaneck Vectors Australian Banks ETF
BMN,Bannerman Resources
SEC,Spheria Emerging Companies
EMN,Euro Manganese Inc
PVS,Pivotal Systems Corporation
TIG,Tigers Realm Coal
NET,NetLinkz Limited
TER,TerraCom Limited
EXP,Experience Co Limited
AT1,Atomo Diagnostics Limited
HCH,Hot Chili
PEN,Peninsula Energy
ZEO,Zeotech Limited
VR1,Vection Technologies Ltd
EER,East Energy Resources
IXI,iShares Global Consumer Staples ETF
NSC,NAOS Small Cap Opportunities Company
RTG,RTG Mining
STA,Strandline Resources Limited
ISO,iShares S&P/ASX Small Ordinaries ETF
BLU,Blue Energy Limited
AEG,Absolute Equity Performance Fund
SGH,Slater & Gordon
SNS,SenSen Networks Limited
GLN,Galan Lithium Limited
RVR,Red River Resources
LOT,Lotus Resources Limited
FBR,FBR Limited
AMX,Aerometrex Limited
AGD,Austral Gold
MVR,Vaneck Vectors Australian Resources ETF
SDV,SciDev Limited
FCT,Firstwave Cloud Technology
EPD,Empired Limited
TDI,360 Capital Digital Infrastructure Fund
AGH,Althea Group Holdings
BNO,Bionomics Limited
EEG,Empire Energy
FAR,FAR Limited
NTM,NTM Gold Limited
TOP,Thorney Opportunities Ltd
EGH,Eureka Group Holdings
WAT,Waterco Limited
NNT,99 Technology Limited
ZBT,Zebit Inc
KIN,Kin Mining NL
CCR,Credit Clear Limited
DUG,DUG Technology Ltd
TGF,Tribeca Global Natural Resources
MSV,Mitchell Services
BRI,Big River Industries Limited
MCA,Murray Cod Australia Limited
CRO,Cirralto Limited
AUZ,Australian Mines Limited
LIT,Lithium Australia NL
OSL,Oncosil Medical
RND,Rand Mining
AND,Ansarada Group Limited
ACQ,Acorn Capital Investment Fund
LAU,Lindsay Australia
AZY,Antipa Minerals
LCK,Leigh Creek Energy Limited
CAA,Capral Limited
RYD,Ryder Capital Limited
GOW,Gowing Brothers Limited
CLU,Cluey Ltd
GAS,State Gas Limited
IXR,Ionic Rare Earths Limited
5GG,Pentanet Limited
BCN,Beacon Minerals
BKT,Black Rock Mining Limited
TAM,Tanami Gold NL
ANP,Antisense Therapeutics
IVR,Investigator Resources
GDA,Good Drinks Australia Ltd
FEX,Fenix Resources Ltd
CII,CI Resources
ANG,Austin Engineering
CTP,Central Petroleum
RZI,Raiz Invest Limited
OKU,Oklo Resources
WEC,White Energy
MOZ,Mosaic Brands Limited
VEE,Veem Limited
AMN,Agrimin Limited
CAM,Clime Capital
FYI,FYI Resources
BPH,BPH Energy
PGX,Primero Group Limited
TMH,The Market Herald Limited
SELF,SelfWealth SMSF Leaders ETF
GWR,GWR Group
CYG,Coventry Group
TWD,Tamawood Limited
DSE,Dropsuite Limited
CYP,Cynata Therapeutics
88E,88 Energy Limited
IHR,IntelliHR Limited
KPG,Kelly Partners Group Holdings
RKN,Reckon Limited
RCW,RightCrowd Limited
CSS,Clean Seas Tuna
RXP,RXP Services
IOD,IODM Limited
KSS,Kleos Space S.A
GPR,Geopacific Resources
RSH,Respiri Limited
GTN,GTN Limited
STG,Straker Translations Limited
SDI,SDI Limited
FUN,Funtastic Limited
LRK,Lark Distilling Co. Ltd
OCC,Orthocell Limited
ZLD,Zelira Therapeutics
HZN,Horizon Oil
MMI,Metro Mining Limited
DTZ,Dotz Nano Limited
EPY,Earlypay Ltd
FHS,Freehill Mining Limited
GTG,Genetic Technologies Limited
MEI,Meteoric Resources NL
TZN,Terramin Australia
ORN,Orion Minerals Limited
PTB,PTB Group
APC,Australian Potash Limited
8VI,8VI Holdings Limited
EX1,Exopharm Limited
TSI,Top Shelf International Holdings Ltd
KKO,Kinetiko Energy
RHT,Resonance Health
OEC,Orbital Corporation
TTT,Titomic Limited
NML,Navarre Minerals
BRL,Bathurst Resources Limited
ASN,Anson Resources Limited
PAL,Palla Pharma Limited
SNC,Sandon Capital Investments
ESK,Etherstack Plc
LPI,Lithium Power International
ARA,Ariadne Australia
CD3,Cordish Dixon Private Equity Fund III
CHZ,Chesser Resources
COS,COSOL Limited
SHM,Shriro Holdings Limited
GAP,Gale Pacific
LVH,Livehire Limited
AVL,Australian Vanadium Limited
AOP,Apollo Consolidated
E2M,E2 Metals Limited
TIP,Teaminvest Private Group
AEI,Aeris Environmental
MOGL,Montgomery Global Equities Fund
MEA,McGrath Limited
ZER,Zeta Resources Ltd
WWI,West Wits Mining
URF,US Masters Residential Property Fund
DNA,Donaco International
BC8,Black Cat Syndicate Limited
CSD,Consolidated Tin Mines
MEP,Minotaur Exploration
PEX,Peel Mining
CMP,Compumedics Limited
MDC,Medlab Clinical Limited
PGC,Paragon Care
MBH,Maggie Beer Holdings
UBI,Universal Biosensors Inc
OZG,Ozgrowth Limited
COB,Cobalt Blue Holdings Limited
MVS,Vaneck Vectors Small Companies Masters ETF
KME,Kip McGrath Education Centres
WHK,WhiteHawk Limited
ACF,Acrow Formwork and Construction Services
PCK,PainChek Ltd
NZO,New Zealand Oil & Gas
QFE,QuickFee Limited
MEM,Memphasys Limited
AML,Aeon Metals
MPP,Metro Performance Glass
CIE,Contango Income Generator Limited
CDX,CardieX Limited
NUH,Nuheara Limited
MGT,Magnetite Mines Limited
BEAR,BetaShares Australian Equities Bear Hedge Fund
AAR,Anglo Australian Resources NL
MYE,Mastermyne Group
RXM,Rex Minerals
EDE,Eden Innovations
TGH,Terragen Holdings Limited
CLF,Concentrated Leaders Fund
IOU,IOUpay Limited
AHX,Apiam Animal Health Limited
BRV,Big River Gold Limited
JRL,Jindalee Resources
HIT,Hitech Group Australia
CAY,Canyon Resources
WRL,BetaShares Managed Risk Global Share Fund
SIO,Simonds Group Limited
ATC,Altech Chemicals
ATH,Alterity Therapeutics Limited
LCL,Los Cerros Limited
HWK,Hawkstone Mining Limited
MWY,Midway Limited
VAN,Vango Mining Limited
DCG,Decmil Group
DW8,Digital Wine Ventures Limited
PIQ,Proteomics International Laboratories
RTR,Rumble Resources
HRL,HRL Holdings
FTC,FinTech Chain Limited
AHQ,Allegiance Coal
PRT,Prime Media Group
DGR,DGR Global
TNY,Tinybeans Group Limited
MIO,Macarthur Minerals Limited
ESR,Estrella Resources
PTX,Prescient Therapeutics
KSN,Kingston Resources
WOA,Wide Open Agriculture Ltd
UBN,Urbanise.com Limited
MAM,Microequities Asset Management Group
RTE,"Retech Technology Co., Limited"
RCL,ReadCloud Limited
PKS,PKS Holdings Limited
BML,Boab Metals Limited
KZR,Kalamazoo Resources Limited
3DA,Amaero International Ltd
DRO,Droneshield Limited
CD2,Cordish Dixon Private Equity Fund II
AR9,archTIS Limited
RXL,Rox Resources
ICI,iCandy Interactive Limited
CKA,Cokal Limited
SKF,Skyfii Ltd
BBC,BNK Banking Corporation
BLY,Boart Longyear
FML,Focus Minerals
IXU,IXUP LIMITED
AOU,Auroch Minerals Ltd
NWC,New World Resources Limited
BOL,Boom Logistics
IKO,iShares MSCI South Korea Capped ETF
PDI,Predictive Discovery
ADA,Adacel Technologies
TRY,Troy Resources
OIL,Optiscan Imaging
CWZ,Cashwerkz Limited
QHL,Quickstep Holdings
BRB,Breaker Resources NL
SND,Saunders International
ARL,Ardea Resources Limited
HMX,Hammer Metals
MRL,Mayur Resources Limited
ATL,Apollo Tourism & Leisure Limited
NUS,Nusantara Resources Limited
NCC,NAOS Emerging Opportunities Company
BRU,Buru Energy
TON,Triton Minerals
ASH,Ashley Services Group Limited
LNU,Linius Technologies Limited
LSX,Lion Selection Group
FSI,Flagship Investments
CHM,Chimeric Therapeutics Limited
SIH,Sihayo Gold
XPL,Xplore Wealth Limited
HRZ,Horizon Minerals Limited
AUC,Ausgold Limited
WCG,Webcentral Group Limited
VMY,Vimy Resources Limited
8IH,8I Holdings Ltd
REY,Rey Resources
OVT,Ovato Limited
DOU,Douugh Limited
TGA,Thorn Group Limited
ISU,iSelect
IBC,Ironbark Capital
QTM,Quantum Health Group Limited
AV1,Adveritas Limited
SEN,Senetas Corp
AKL,Auckland Real Estate Trust
INF,Infinity Lithium Corporation Limited
KPT,Kangaroo Island Plantation Timbers
SUV,Suvo Strategic Minerals Limited
SMX,Security Matters Limited
SEQ,Sequoia Financial Group Ltd
HAV,Havilah Resources Limited
VMS,Venture Minerals
COI,Comet Ridge
ELS,Elsight Limited
XF1,Xref Limited
MA1,Monash Absolute Investment Company
BAT,Battery Minerals Limited
FFI,FFI Holdings
GML,Gateway Mining
KTD,Keytone Dairy Corporation Limited
CCZ,Castillo Copper
TDL,TBG Diagnostics Limited
S2R,S2 Resources Ltd
PDZ,Prairie Mining
SRK,Strike Resources
SSL,Sietel Limited
GRV,Greenvale Mining Limited
QPM,Queensland Pacific Metals Limited
PYG,Paygroup Limited
APW,AIMS Property Securities Fund
DXB,Dimerix Limited
ADS,Adslot Limited
BLG,BluGlass Limited
ICT,iCollege Limited
LER,Leaf Resources Limited
SWK,Swick Mining Services
RNU,Renascor Resources
CUE,Cue Energy Resources
DEV,DevEx Resources Limited
AWN,AWN Holdings Limited
PSC,Prospect Resources
KOV,Korvest Ltd
RFT,Rectifier Technologies
DBF,Duxton Broadacre Farms
DEM,De.mem Limited
AJQ,Armour Energy
CVL,Civmec Limited
PTL,Pental Limited
NOV,Novatti Group Limited
CHK,Cohiba Minerals
SEG,Sports Entertainment Group Limited
IVX,Invion Limited
TMT,Technology Metals Australia Limited
ATS,Australis Oil & Gas Ltd
LRS,Latin Resources
CVV,Caravel Minerals
DME,Dome Gold Mines
EXL,Elixinol Global Limited
BIS,Bisalloy Steel Group
MEC,Morphic Ethical Equities Fund
SMN,Structural Monitoring Systems Plc
MTH,Mithril Resources
PAB,Patrys Limited
TI1,Tombador Iron Limited
HJPN,BetaShares Wisdomtree Japan ETF - Currency Hedged
GBZ,GBM Resources
LBL,Laserbond Limited
VLS,Vita Life Sciences
AC8,Auscann Group Holdings
EST,ANZ ETFS EURO STOXX 50
KAI,Kairos Minerals Limited
JYC,Joyce Corporation
MSM,MSM Corporation International
SOV,Sovereign Cloud Holdings Limited
SGQ,St George Mining
CLX,CTI Logistics
RFX,RedFlow Limited
WKT,Walkabout Resources
RAP,Resapp Health
IME,ImExHS Limited
DGH,Desane Group Holdings
WAA,WAM Active Limited
LOM,Lucapa Diamond Company
PYR,Payright Limited
EHH,Eagle Health Holdings
KTG,K-TIG Limited
DRX,Diatreme Resources
BIT,Biotron Limited
EM2,Eagle Mountain Mining Limited
AKM,Aspire Mining
COO,Corum Group
KLA,Kirkland Lake Gold Ltd
LKO,Lakes Oil NL
FPC,Fat Prophets Global Contrarian Fund
LGP,Little Green Pharma
SPZ,Smart Parking Ltd
TOE,Toro Energy
PAF,PM Capital Asian Opportunities Fund
VBC,Verbrec Limited
ARD,Argent Minerals
CLH,Collection House
CV1,CV Check Ltd
EUR,European Lithium Limited
GAL,Galileo Mining Limited
ADV,Ardiden Limited
ENR,Encounter Resources
NSX,NSX Limited
KPC,Kazakhstan Potash Corporation
IMC,Immuron Limited
MZZ,Matador Mining Limited
DTS,Dragontail Systems Limited
BDM,Burgundy Diamond Mines Limited
BBL,Brisbane Broncos
AFA,ASF Group
MCL,Mighty Craft Limited
HRN,Horizon Gold Limited
EYE,Nova Eye Medical Limited
BNL,Blue Star Helium Limited
OEL,Otto Energy
BD1,BARD1 Life Sciences Limited
AKG,Academies Australasia
BDA,BOD Australia Limited
DRE,Dreadnought Resources Ltd
NAC,NAOS Absolute Opportunities Company
REE,RareX Limited
VN8,Vonex Limited
NUC,Nuchev Limited
AVC,Auctus Investment Group Limited
STN,Saturn Metals Limited
MXC,MGC Pharmaceuticals Ltd
VXR,Venturex Resources
VEN,Vintage Energy Ltd
IDT,IDT Australia Limited
GEV,Global Energy Ventures
CCA,Change Financial
MXI,MaxiTRANS Industries
CGB,Cann Global Limited
ESH,Esports Mogul Limited
RDH,RedHill Education
TFL,TasFoods Limited
KPO,Kalina Power Limited
ELT,Elementos Limited
TRU,Truscreen Group Limited
BCB,Bowen Coking Coal Limited
KRR,King River Resources Limited
14D,1414 Degrees Limited
EDC,Eildon Capital Limited
MEU,Marmota Limited
KAU,Kaiser Reef Limited
EQR,EQ Resources Limited
VII,Vietnam Industrial Investments
VIP,Voltage IP Limited
SKY,Sky Metals Limited
CD1,Cordish Dixon Private Equity Fund I
ECL,Excelsior Capital Limited
AJX,Alexium International
COY,Coppermoly Limited
CT1,Constellation Technologies Limited
HYD,Hydrix Limited
PRO,Prophecy International
BFC,Beston Global Food Company
XTE,XTEK Limited
DCC,DigitalX Limited
FFR,Firefly Resources Limited
TAO,Tao Commodities Ltd
EAS,Easton Investments Limited
THC,THC Global Group Limited
CBL,CBL Corporation Limited
CPV,ClearVue Technologies Limited
MSL,MSL Solutions
PO3,Purifloh Limited
VRC,Volt Resources Limited
TMZ,Thomson Resources
SAS,Sky and Space Global
CLE,Cyclone Metals Limited
MR1,Montem Resources Limited
EM1,Emerge Gaming Limited
HIL,Hills Limited
BUY,Bounty Oil & Gas NL
IXC,Invex Therapeutics Ltd
VBS,Vectus Biosystems Limited
PFT,Pure Foods Tasmania Limited
XAM,Xanadu Mines
TAS,Tasman Resources
RVS,Revasum Inc.
MYG,Mayfield Group Holdings Limited
CGA,Contango Asset Management Limited
PLY,PlaySide Studios Limited
S66,Star Combo Pharma
XRF,XRF Scientific
KIS,King Island Scheelite
CLB,Candy Club Holdings Limited
CAD,Caeneus Minerals
NAM,Namoi Cotton
CI1,Credit Intelligence Limited
EQX,Equatorial Resources
AUR,Auris Minerals Limited
VYS,Vysarn Limited
OAR,OAR Resources Limited
FLX,Felix Group Holdings Ltd
EBG,Eumundi Group
OSX,Osteopore Limited
MKAX,Montaka Global Extension Fund
SNG,Siren Gold Limited
HFY,Hubify Limited
ZNC,Zenith Minerals
HT8,Harris Technology Group
CTO,Citigold Corporation
PWN,Parkway Minerals NL
ACR,Acrux Limited
GME,GME Resources
AME,Alto Metals Limited
EME,Energy Metals
AIQ,Alternative Investment Trust
C6C,Copper Mountain Mining Corporation
RES,Resource Generation Limited
YRL,Yandal Resources Limited
CZR,CZR Resources Ltd
WRM,White Rock Minerals
AMG,Ausmex Mining Group Limited
SKN,Skin Elements Limited
HAW,Hawthorn Resources
CLA,Celsius Resources Limited
ASW,Advanced Share Registry Ltd
GSN,Great Southern Mining Limited
CPN,Caspin Resources Limited
DKM,Duketon Mining Limited
TTB,Total Brain Limited
POD,Podium Minerals Limited
CIW,Clime Investment Management
RGS,Regeneus Ltd
AL3,AML3D Limited
CST,Castile Resources Ltd
MHC,Manhattan Corporation
AD1,AD1 Holdings Limited
MKR,Manuka Resources Limited
PG1,Pearl Global Limited
VMC,Venus Metals
CG1,Carbonxt Group Limited
PXS,Pharmaxis Ltd
RLT,Renergen Limited
PEC,Perpetual Resources
AQX,Alice Queen Limited
MPO,Molopo Energy
IVQ,Invitrocue Limited
RLE,Real Energy Corporation
ASP,Aspermont Limited
CCE,Carnegie Clean Energy Limited
KAT,Katana Capital
AWV,Anova Metals
IGE,Integrated Green Energy Solutions
ERM,Emmerson Resources
K2F,K2fly Limited
RNO,Rhinomed
CNB,Carnaby Resources Limited
OSP,Osprey Medical
TD1,TALI Digital Limited
OVN,Oventus Medical Limited
ODY,Odyssey Gold Limited
IPT,Impact Minerals
PNC,Pioneer Credit
GMN,Gold Mountain Limited
MDI,Middle Island Resources
MNB,Minbos Resources
PAA,PharmAust Limited
LRT,Lowell Resources Fund
ARR,American Rare Earths Limited
RCP,Redbank Copper
BHL,Boyuan Holdings Limited
HPP,Health and Plant Protein Group Limited
MPX,Mustera Property Group Limited
CAF,Centrepoint Alliance
LMG,Latrobe Magnesium
AMT,Allegra Orthopaedics Limited
GC1,Glennon Small Companies Limited
ARE,Argonaut Resources NL
FEL,Fe Limited
AVE,Avecho Biotechnology Limited
WLD,Wellard Limited
AVR,Anteris Technologies Ltd
IVZ,Invictus Energy Ltd
HVM,Happy Valley Nutrition Limited
SMG,Soon Mining Limited
VRS,Veris Limited
HXG,Hexagon Resources
KRM,Kingsrose Mining
AQI,Alicanto Minerals
AFL,AF Legal Group Ltd
AL8,Alderan Resources Limited
AHC,Austco Healthcare Limited
IQ3,iQ3Corp Limited
BSR,Bassari Resources
STM,Sunstone Metals Limited
EVE,EVE Investments Limited
BYI,Beyond International
1AD,Adalta Limited
FFG,Fatfish Group Limited
ACB,A-Cap Energy Limited
ASO,Aston Minerals Limited
LBT,LBT Innovations
JAL,Jameson Resources
MOQ,MOQ Limited
RWD,Reward Minerals
ESS,Essential Metals Limited
MAY,Melbana Energy Limited
AIV,ActivEX Limited
IBG,Ironbark Zinc Limited
8CO,8common Limited
ICG,Inca Minerals
EPM,Eclipse Metals
AJL,AJ Lucas Group
NYR,Nyrada Inc
MCT,Metalicity Limited
MKG,Mako Gold Limited
CGN,Crater Gold Mining
AGS,Alliance Resources
TOU,Tlou Energy
MTC,MetalsTech Limited
AUK,Aumake Limited
PTR,Petratherm Ltd
EQE,Equus Mining
GTE,Great Western Exploration
ACW,Actinogen Medical Limited
OLL,OpenLearning Limited
YBR,Yellow Brick Road
MEY,Marenica Energy
ATX,Amplia Therapeutics Limited
MAT,Matsa Resources
KWR,Kingwest Resources Limited
NWE,Norwest Energy NL
9SP,9 Spokes International Limited
HSC,HSC Technology Ltd
FSG,Field Solutions Holdings Limited
MIL,Millennium Services Group
RDM,Red Metal
ECP,ECP Emerging Growth Limited
NGY,NuEnergy Gas
NXM,Nexus Minerals
KNO,Knosys Limited
KLO,Kingsland Global Ltd
MFD,Mayfield Childcare Limited
WAK,WA Kaolin Limited
SI6,SI6 Metals Limited
VOL,Victory Offices Limited
SUP,Superior Lake Resources Limited
CNW,Cirrus Networks Holdings Limited
AXI,Axiom Properties Limited
VMX,Valmec Limited
MGU,Magnum Mining & Exploration
MMJ,MMJ Group Holdings Limited
VPR,Volt Power Group Limited
FOD,The Food Revolution Group
GMC,Gulf Manganese Corporation Limited
APH,Australian Primary Hemp Limited
BMH,Baumart Holdings Limited
GBE,Globe Metals & Mining
AGM,Australian Governance and Ethical Index Fund
AGR,Aguia Resources
SGC,Sacgasco Limited
MAG,Magmatic Resources Limited
ISD,Isentia Group
PNL,Paringa Resources
AGE,Alligator Energy
MAN,Mandrake Resources Limited
NTI,Neurotech International Limited
TPP,Tempo Australia
LAW,Law Finance Limited
ATR,Astron Corporation Limited
4CE,Force Commodities Limited
TRT,Todd River Resources
BWF,Blackwall Limited
CLZ,Classic Minerals
PPL,Pureprofile Limited
RPM,RPM Automotive Group Limited
SSO,SPDR S&P/ASX Small Ordinaries Fund
JDR,Jadar Resources Limited
AHF,Australian Dairy Nutritionals Group
CLI,CropLogic Limited
CWX,Carawine Resources Limited
SCL,Schrole Group Ltd
PRX,Prodigy Gold NL
CNJ,Conico Ltd
BCT,Bluechiip Limited
FFT,Future First Technologies Ltd
AS1,Angel Seafood Holdings
EMB,Embelton
SPA,Spacetalk Ltd
EGY,Energy Technologies
LNG,Liquefied Natural Gas Limited
TNR,Torian Resources NL
ASQ,Australian Silica Quartz Group Ltd
CLT,Cellnet Group
VOR,Vortiv Limited
DCL,Domacom Limited
BTR,Brightstar Resources Limited
PUR,Pursuit Minerals Limited
PNX,PNX Metals Limited
BSM,Bass Metals
KYK,Kyckr Limited
SVA,Simavita Limited
UCM,USCOM Ltd
TAR,Taruga Minerals Limited
ODA,Orcoda Limited
SW1,Swift Media Limited
VEC,Vector Resources
LEX,Lefroy Exploration Limited
MBM,Mobecom Limited
SE1,Sensera Limited
MRQ,MRG Metals
BMG,BMG Resources
BPP,Babylon Pump & Power Limited
EFF,Evans & Partners Australian Flagship Fund
RDN,Raiden Resources Limited
HGO,Hillgrove Resources
MCM,MC Mining Limited
WWG,Wiseway Group Limited
INP,IncentiaPay Limited
UCW,UCW Limited
HNG,HGL Limited
RHI,Red Hill Iron
A1M,AIC Mines Limited
CYM,Cyprium Metals Limited
PGM,Platina Resources
LNY,Laneway Resources
DAV,Davenport Resources Limited
WNR,Wingara AG Ltd
BCC,Beam Communications Holdings
HRR,Heron Resources
CM8,Crowd Media Holdings Limited
SBW,Shekel Brainweigh Limited
MOB,Mobilicom Limited
TIN,TNT Mines Limited
BTC,BTC health
AYM,Australia United Mining Limited
JAT,Jatcorp Limited
SPQ,Superior Resources
PVE,Po Valley Energy
NAG,Nagambie Resources Limited
CCG,Comms Group Ltd
LSH,Lifespot Health Limited
AZI,Alta Zinc Limited
TSL,Titanium Sands Limited
SRN,Surefire Resources NL
MVL,Marvel Gold Limited
TIA,Tian An Australia Limited
TV2,TV2U International Limited
NGE,NGE Capital Limited
SAU,Southern Gold
GMR,Golden Rim Resources
SHN,Sunshine Gold Limited
RIE,Riedel Resources
ONX,Orminex Ltd
UUL,Ultima United Limited
SXA,Strata-X Energy
CTE,Cryosite
GFL,Global Masters Fund
TCF,360 Capital Enhanced Income Fund
ICS,ICSGlobal
ECS,ECS Botanics Holdings Ltd
PTG,Proptech Group Limited
DTR,Dateline Resources
ID8,identitii Limited
WSI,Weststar Industrial Limited
BGT,Bio-Gene Technology Ltd
CAG,Cape Range Limited
IKW,Ikwezi Mining
COD,Coda Minerals Ltd
CXU,Cauldron Energy
PPY,Papyrus Australia
ACP,Audalia Resources Limited
TRL,Tanga Resources Limited
SKS,SKS Technologies Group Limited
TMR,Tempus Resources Limited
HXL,Hexima Limited
GRL,Godolphin Resources Limited
LSA,Lachlan Star
FPP,Fat Prophets Global Property Fund
BNZ,Benz Mining Corp
TPD,Talon Petroleum
MGL,Magontec Limited
AJJ,Asian American Medical Group
CY5,Cygnus Gold Limited
NSB,Neuroscientific Biopharmaceuticals Ltd
SMI,Santana Minerals
OAU,Ora Gold Limited
TPO,Tian Poh Resources Limited
KAM,K2 Asset Management
MAET,Munro Global Growth Fund
ECG,Ecargo Holdings Limited
REZ,Resources & Energy Group
OLI,Oliver's Real Food Limited
GLH,Global Health Limited
HNR,Hannans Ltd
AKO,Akora Resources Limited
OGA,Ocean Grown Abalone Limited
KNM,Kneomedia Limited
KTA,Krakatoa Resources
CAQ,CAQ Holdings Limited
PFG,Prime Financial
FRX,Flexiroam Limited
CAV,Carnavale Resources
ANA,Ansila Energy NL
DVN,Devine Limited
RGL,Riversgold Limited
HCT,Holista Colltech
XST,XState Resources
HGL,Hudson Investment
TLM,Talisman Mining
DEX,Duke Exploration Limited
MRG,Murray River Organics Group
DDD,3D Resources
RIM,Rimfire Pacific Mining NL
DTM,Dart Mining NL
SOP,Synertec Corporation Limited
CNL,Celamin Holdings
PXX,PolarX Limited
NC6,Nanollose Limited
EMU,Emu NL
JAY,Jayride Group Limited
MPH,Mediland Pharm Limited
DM1,Desert Metals Limited
IDA,Indiana Resources Limited
2BE,Tubi Limited
NSM,North Stawell Minerals Ltd
TTI,Traffic Technologies
VMG,VDM Group
PNN,Pepinnini Lithium Limited
WEL,Winchester Energy Limited
VIG,Victor Group
AON,Apollo Minerals
ACU,Acumentis Group Limited
TKM,Trek Metals Limited
DXN,DXN Limited
KFE,Kogi Iron
CRS,Caprice Resources Ltd
NCL,Netccentric Limited
GUL,Gullewa Limited
DAU,Dampier Gold
BIQ,"BuildingIQ, Inc"
MSR,Manas Resources
RMX,Red Mountain Mining
SUD,Suda Pharmaceuticals Ltd
ONE,Oneview Healthcare PLC
LIN,Lindian Resources
MXR,Maximus Resources
STK,Strickland Metals Limited
AYI,A1 Investments & Resources
SPN,Sparc Technologies Limited
FPL,Fremont Petroleum Corporation
AJY,Asaplus Resources
JXT,Jaxsta Ltd
ABV,Advanced Braking Technology
CP1,CannPal Animal Therapeutics Ltd.
WBE,Whitebark Energy Ltd
MXO,Motio Limited
BOA,Boadicea Resources
WFL,Wellfully Limited
GTR,GTI Resources
NZS,New Zealand Coastal Seafoods
PRL,Province Resources Ltd
ADD,Adavale Resources
PUA,Peak Minerals Limited
LLO,Lion One Metals
VTI,Visioneering Technologies Inc
MCE,Matrix Composites & Engineering
TPC,TPC Consolidated Limited
VKA,Viking Mines
GIB,Gibb River Diamonds Limited
AAU,Antilles Gold Limited
ELE,Elmore Ltd
BAR,Barra Resources
FZR,Fitzroy River Corporation
MRD,Mount Ridley Mines Limited
CE1,Calima Energy Limited
LPE,Locality Planning Energy Holdings
MBK,Metal Bank Limited
MEL,Metgasco Limited
AFW,Applyflow Limited
AUL,AuStar Gold Limited
OLH,Oldfields Holdings
CBE,Cobre Limited
AU1,The Agency Group Australia
TEG,Triangle Energy
DDB,Dynamic Drill and Blast Holdings
CAZ,Cazaly Resources
BEE,Broo Limited
WC8,Wildcat Resources Limited
EMD,Emyria Limited
HMD,HeraMED Limited
NRX,Noronex Limited
ADR,Adherium Limited
AMO,Ambertech Limited
ANR,Anatara Lifesciences Ltd
RNT,Rent.com.au Limited
ERG,Eneco Refresh Ltd
ARN,Aldoro Resources Limited
FNX,Finexia Financial Group Limited
TDO,3D Oil
PSL,Paterson Resources Ltd
SHH,Shree Minerals
HPR,High Peak Royalties
TPS,Threat Protect Australia Limited
EMT,eMetals Limited
IP1,Integrated Payment Technologies
SIT,Site Group International
SCU,Stemcell United Limited
CFO,Cfoam Limited
MLM,Metallica Minerals
NAE,New Age Exploration
VIC,Victory Mines
FIJ,Fiji Kava Ltd
BNR,Bulletin Resources
KTE,K2 Energy
ANL,Amani Gold Limited
NPM,New Peak Metals Limited
ABX,Australian Bauxite Limited
NTL,New Talisman Gold
RLG,RooLife Group Ltd
CAP,Carpentaria Resources Limited
ADY,Admiralty Resources NL
ICE,iCetana Limited
VR8,Vanadium Resources Limited
SRZ,Stellar Resources
SCT,Scout Security Limited
ADX,ADX Energy
KBC,Keybridge Capital
FEI,FE Investments Group Limited
SLZ,Sultan Resources Ltd
SBR,Sabre Resources
ANX,Anax Metals Limited
VAL,Valor Resources Limited
CDY,Cellmid Limited
A3D,Aurora Labs Limited
TRN,Torrens Mining Limited
ENV,Enova Mining Limited
CXZ,Connexion Telematics Ltd
1ST,1st Group Limited
TYM,Tymlez Group Limited
CXX,Cradle Resources
CR1,Constellation Resources Limited
AQD,AusQuest Limited
CRL,Comet Resources
SCN,Scorpion Minerals Limited
IS3,I Synergy Group Limited
HWH,Houston We Have Limited
NME,Nex Metals Explorations
ZGL,Zicom Group
SIX,Sprintex Limited
LSR,Lodestar Minerals
LCE,London City Equities
TSC,Twenty Seven Co. Limited
AIR,Astivita
RGI,Roto-Gro International Limited
ERL,Empire Resources
NGS,Nutritional Growth Solutions Ltd
YPB,YPB Group
PF1,Pathfinder Resources Ltd
AIY,Authorised Investment Fund Limited
SIV,Silver Chef Limited
PIL,Peppermint Innovation Limited
BDG,Black Dragon Gold Corp.
SHO,Sportshero Limited
KMT,Kopore Metals Limited
AGC,Australian Gold and Copper Ltd
MEB,Medibio Limited
DC2,DC Two Limited
A1G,African Gold Limited
AMD,Arrow Minerals Limited
ARO,Astro Resources NL
INV,InvestSMART Group Limited
EN1,engage:BDR Limited
FDM,Freedom Oil and Gas Limited
FFF,Forbidden Foods Limited
PRS,Prospech Limited
SCI,Silver City Minerals
KGM,Kalnorth Gold Mines
M2R,Miramar Resources Limited
FFC,FarmaForce Limited
CF1,Complii Fintech Solutions Ltd
EVZ,EVZ Limited
AUH,AustChina Holdings Limited
ALY,Alchemy Resources
ENT,Enterprise Metals
ENA,Ensurance Ltd
AUQ,Alara Resources
WCN,White Cliff Minerals
MRR,Minrex Resources Limited
AUN,Aurumin Limited
AFR,African Energy Resources
DMC,Design Milk Co Limited
QGL,Quantum Graphite Limited
HLX,Helix Resources
M8S,M8 Sustainable Limited
RBR,RBR Group Limited
CGO,CPT Global
DLT,Delta Drone International Limited
CZL,Consolidated Zinc Limited
ORM,Orion Metals Limited
IPB,IPB Petroleum
GNM,Great Northern Minerals Limited
DVL,Dorsavi Ltd
WTL,WT Financial Group Limited
QFY,Quantify Technology Holdings
BRK,Brookside Energy Limited
ROO,Roots Sustainable Agricultural Technologies
FAU,First Au Limited
CSE,Copper Strike Ltd
QXR,QX Resources Limited
SRI,Sipa Resources
TKL,Traka Resources
ALT,Analytica
KSM,K2 Australian Small Cap Fund
GLV,Global Vanadium Limited
JCS,JCurve Solutions
FRM,Farm Pride Foods
MLS,Metals Australia
IVT,Inventis Limited
AEV,Avenira Limited
TCO,Transmetro Corporation
AEE,Aura Energy
TZL,TZ Limited
RCR,RCR Tomlinson
APV,AppsVillage Australia Limited
QEM,QEM Limited
CXM,Centrex Metals
YOW,Yowie Group
NWM,Norwest Minerals Limited
TMK,Tamaska Oil & Gas
CZN,Corazon Mining
POW,Protean Energy Limited
HCD,Hydrocarbon Dynamics Limited
BYH,Bryah Resources Limited
BUX,Buxton Resources
ECT,Environmental Clean Technologies
DCX,DiscovEx Resources Limited
ICN,Icon Energy
B2Y,Bounty Mining Limited
SHE,Stonehorse Energy Limited
RLC,Reedy Lagoon Corporation
PGY,Pilot Energy Limited
RFR,Rafaella Resources Ltd
ICR,Intelicare Holdings Limited
LCD,Latitude Consolidated
ACS,Accent Resources NL
MSG,MCS Services Limited
RML,Resolution Minerals Ltd
CBY,Canterbury Resources Ltd
AAJ,Aruma Resources
WML,Woomera Mining Limited
ESE,eSense-Lab Ltd
LCT,Living Cell Technologies
NVU,Nanoveu Limited
FGL,Frugl Group Limited
OKR,Okapi Resources Limited
SRH,Saferoads Holdings
TYX,Tyranna Resources Limited
SGI,Stealth Global Holdings
TEM,Tempest Minerals Limited
NMR,Native Mineral Resources
RMP,Red Emperor Resources NL
MPR,MPower Group Limited
GLE,GLG Corp
SUH,Southern Hemisphere Mining
CL8,Carly Holdings Limited
BEM,Blackearth Minerals NL
DDT,DataDot Technology
RAN,Range International Limited
AX8,Accelerate Resources Limited
GES,Genesis Resources
NES,Nelson Resources Limited
PSA,Petsec Energy
PNM,Pacific Nickel Mines Limited
GSM,Golden State Mining Limited
GOO,Gooroo Ventures Limited
GBR,Great Boulder Resources
NCR,NuCoal Resources
TCN,Techniche Limited
LHM,Land and Homes Group Limited
CRB,Carbine Resources
PAM,Pan Asia Metals Limited
OEX,Oilex Ltd
CAE,Cannindah Resources Limited
AVW,Avira Resources Limited
XTC,Xantippe Resources Limited
MRZ,Mont Royal Resources Limited
ENX,Enegex Limited
EGL,The Environmental Group
JHL,Jayex Healthcare Limited
EAX,Energy Action Limited
LV1,Live Verdure Ltd
JPR,Jupiter Energy
1AG,Alterra Limited
DAF,Discovery Africa Limited
KEY,Key Petroleum
SIS,Simble Solutions Limited
SER,Strategic Energy Resources
FNT,Frontier Resources
TMG,Trigg Mining Ltd
FTZ,Fertoz Ltd
GED,Golden Deeps
THR,Thor Mining Plc
ANW,Aus Tin Mining
KFM,Kingfisher Mining Ltd
MHK,Metal Hawk Limited
AER,Aeeris Ltd
OOK,Ookami Limited
MOH,Moho Resources NL
SP3,Spectur Limited
WSR,Westar Resources Limited
RDS,Redstone Resources
SRY,Story-I Limited
HHM,Hampton Hill Mining NL
DTI,DTI Group
TMX,Terrain Minerals
TML,Timah Resources Limited
PAK,Pacific American Holdings Limited
AAP,Australian Agricultural Projects
BEL,Bentley Capital
CRM,Carbon Minerals
RNE,Renu Energy Limited
PGR,The PAS Group
DLC,Delecta Limited
BPM,BPM Minerals Limited
BXN,Bioxyne Limited
KGD,Kula Gold
SFM,Santa Fe Minerals Ltd
CYQ,Cycliq Group Limited
RNX,Renegade Exploration Limited
MEG,Megado Gold Limited
CPT,Cipherpoint Limited
AQC,Australian Pacific Coal
VAR,Variscan Mines
ODM,Odin Metals Limited
ERW,Errawarra Resources Ltd
CUL,Cullen Resources
CML,Chase Mining Corporatation
CDT,Castle Minerals
BHD,Benjamin Hornigold Limited
LIO,Lion Energy
FIN,Fin Resources Limited
ZMI,Zinc of Ireland NL
APG,Austpac Resources NL
CMD,Cassius Mining Limited
BDI,Blina Minerals NL
VP7,Velocity Property Group
AHN,Athena Resources
MQR,Marquee Resources Limited
CAU,Cronos Australia Limited
AUP,Aurora Property Buy-Write Income Trust
BLZ,Blaze International Limited
MAX,Millinium Alternatives Fund
NOR,Norwood Systems Limited
XPE,Xped Limited
MTB,Mount Burgess Mining NL
SAN,Sagalio Energy Limited
GO2,The GO2 People Limited
RMG,RMG Limited
GLA,Gladiator Resources
PKO,Peako Limited
SYT,Syntonic Limited
PIN,PINCHme.com Inc.
SIL,Smiles Inclusive Limited
CMC,China Magnesium Corporation
FE8,Faster Enterprises Ltd
G88,Golden Mile Resources Ltd
PCL,Pancontinental Oil & Gas NL
SXX,Southern Cross Exploration NL
N1H,N1 Holdings Limited
GGX,Gas2Grid Limited
OXX,Octanex Limited
KOR,Korab Resources
DMG,Dragon Mountain Gold
FTT,Factor Therapeutics Limited
IPC,Imperial Pacific Limited
SVS,Sunvest Corporation
OPL,Opyl Limited
ATP,Atlas Pearls Ltd
NXE,New Energy Minerals
GPS,GPS Alliance Holdings
ARC,Australian Rural Capital
ROG,Red Sky Energy
PRM,Prominence Energy NL
IMS,Impelus Limited
CWL,Consolidated Financial Holdings Limited
OKJ,Oakajee Corporation
WOO,Woodboard Technologies Limited
EFE,Eastern Iron Limited
LML,Lincoln Minerals
WNB,Wellness and Beauty Solutions
VPC,Velpic Limited
IEQ,International Equities Corporation
IDZ,Indoor Skydive Australia
IMPQ,Einvest Future Impact Small Caps Fund
ZEU,Zeus Resources
IGN,Ignite Limited
RXH,Rewardle Holdings Limited
HGM,High Grade Metals Limited
FGO,Fargo Enterprises Limited
RMI,Resource Mining Corporation
P2P,P2P Transport Limited
AOA,Ausmon Resources
EMP,Emperor Energy Limited
IEC,Intra Energy Corporation
KLR,Kaili Resources Limited
PVL,Powerhouse Ventures Limited
IVO,Invigor Group
MHI,Merchant House International
HHY,HHY Fund
MTL,Manalto Limited
KKL,Kollakorn Corporation
RAG,Ragnar Metals Limited
UUV,UUV Aquabotix Limited
THD,Thred Limited
LVE,Love Group Global Limited
NSE,New Standard Energy
EXO,Ennox Group Ltd
VIA,ViaGold Rare Earth Resources Holdings Limited
GGE,Grand Gulf Energy
MGZ,Medigard
RD1,Registry Direct Limited
BAS,Bass Oil Limited
KP2,Kore Potash Plc
SF1,STEMify Limited
NIU,Niuminco Group
HOR,Horseshoe Metals
STC,Sinetech Limited
OEQ,Orion Equities
MDX,Mindax Limited
DOR,Doriemus PLC
AO1,AssetOwl Limited
AGJ,Agricultural Land Trust
CIO,Connected IO Limited
AXT,Argo Exploration
MMR,MEC Resources
NMG,NMG Corporation Limited
R3D,R3D Global Limited
BIR,BIR Financial Limited
LHB,Lionhub Group
TRM,Truscott Mining Corporation
QSS,Questus Limited
KPE,Kina Petroleum Corporation
PKD,Parkd Ltd
CVS,Cervantes Corporation
T3D,333D Limited
RMT,RMA Energy
TTA,TTA Holdings
GCR,Golden Cross Resources
RPG,Raptis Group Limited
AKN,Auking Mining Limited
TNP,Triple Energy
MCB,MCB Resoures Limited
MSI,Multistack International
AHK,Ark Mines
ABW,Aurora Absolute Return Fund
CVF,Arowana Contrarian Value Fund
MCX,Mariner Corporation
SBU,Siburan Resources
TTL,Transcendence Technologies Limited
PCH,Property Connect Holdings Limited
RNY,RNY Property Trust
ATM,Aneka Tambang
TOM,Tomizone Limited
CGM,Cougar Metals NL
AQS,Aquis Entertainment Limited
CCJ,County International Limited
AIB,Aurora Global Income Trust
PBX,Pacific Bauxite Limited
E2E,Eon NRG Limited
QUE,Queste Communications
QTG,Q Technology
ABL,Abilene Oil and Gas Limited
LAM,Laramide Resources
CDH,ChongHerr Investments
REF,Reverse Corp
KNH,Koon Holdings
8EC,8IP Emerging Companies Limited
POT,Progress 2017-2 Trust
RTD,Resimac Bastille Trust in Respect of RESIMAC Series 2018-1nc
SL1,Symbol Mining Limited
AOL,Apollo Series 2015-1 Trust
TTSHA,Tatts Group Limited Bonds
